seq_len,batch_size,nhead,dim_per_head,block_x,block_y,thread_count,predicted_time_ns,actual_time_ns,predicted_power,actual_power,mem_coal,mem_uncoal,mem_partial,local_insts,shared_insts,synch_insts,fp_insts,int_insts,sfu_insts,alu_insts,total_insts,registers_per_thread,shared_mem_bytes
128,4,16,256,1,32,32,903654.4727677464,22009.599767625332,6296.955221459184,90.261,0,0,12,0,1,6,4,16,1,183,223,32,0
128,4,16,256,1,64,64,2681709.216105755,20870.39966136217,6296.955221459184,96.82,0,0,12,0,1,6,4,16,1,183,223,32,0
128,4,16,256,1,128,128,5343813.426749018,21081.600338220596,6296.955221459184,114.424,0,0,12,0,1,6,4,16,1,183,223,32,0
128,4,16,256,1,256,256,10668021.84803554,22054.400108754635,6296.955221459184,150.213,0,0,12,0,1,6,4,16,1,183,223,32,0
128,4,16,256,1,512,512,21316438.69060859,26611.199975013733,6296.955221459184,167.089,0,0,12,0,1,6,4,16,1,183,223,32,0
128,4,16,256,1,1024,1024,28412064.649414785,35993.5998916626,6296.955221459184,174.935,0,0,12,0,1,6,4,16,1,183,223,32,0
128,4,16,256,2,16,32,903483.7271847376,20915.199629962444,6296.955221459184,84.42,0,0,12,0,1,6,4,16,1,183,223,32,0
128,4,16,256,2,32,64,2681454.4496793877,20889.599807560444,6296.955221459184,89.56,0,0,12,0,1,6,4,16,1,183,223,32,0
128,4,16,256,2,64,128,5343558.6603226485,20934.399589896202,6296.955221459184,96.496,0,0,12,0,1,6,4,16,1,183,223,32,0
128,4,16,256,2,128,256,10667767.08160917,22489.599883556366,6296.955221459184,114.494,0,0,12,0,1,6,4,16,1,183,223,32,0
128,4,16,256,2,256,512,21316183.924182218,26348.80021214485,6296.955221459184,126.074,0,0,12,0,1,6,4,16,1,183,223,32,0
128,4,16,256,2,512,1024,28411893.903831773,36230.40020465851,6296.955221459184,127.882,0,0,12,0,1,6,4,16,1,183,223,32,0
128,4,16,256,4,8,32,874889.4661892233,21619.200333952904,6296.955221459184,81.652,0,0,12,0,1,6,4,16,1,183,223,32,0
128,4,16,256,4,16,64,2655646.2947284253,21811.199747025967,6296.955221459184,83.613,0,0,12,0,1,6,4,16,1,183,223,32,0
128,4,16,256,4,32,128,5343049.127469917,21663.999743759632,6296.955221459184,90.311,0,0,12,0,1,6,4,16,1,183,223,32,0
128,4,16,256,4,64,256,10667257.548756441,23321.599885821342,6296.955221459184,96.327,0,0,12,0,1,6,4,16,1,183,223,32,0
128,4,16,256,4,128,512,21315674.39132949,28601.599857211113,6296.955221459184,96.933,0,0,12,0,1,6,4,16,1,183,223,32,0
128,4,16,256,4,256,1024,28411552.41266576,39091.19963645935,6296.955221459184,98.403,0,0,12,0,1,6,4,16,1,183,223,32,0
128,4,16,256,8,4,32,721693.2850898855,21164.79966789484,5799.043173791442,81.204,0,0,12,0,1,6,4,16,1,183,223,32,0
128,4,16,256,8,8,64,2109751.8116183085,21683.19970369339,5719.265165592169,81.679,0,0,12,0,1,6,4,16,1,183,223,32,0
128,4,16,256,8,16,128,4262498.083886161,23104.00027781725,5799.043173791442,83.449,0,0,12,0,1,6,4,16,1,183,223,32,0
128,4,16,256,8,32,256,8626855.608093582,25600.000098347664,5878.8211819907165,85.989,0,0,12,0,1,6,4,16,1,183,223,32,0
128,4,16,256,8,64,512,17473392.29452369,33996.79958820343,5958.59919018999,86.591,0,0,12,0,1,6,4,16,1,183,223,32,0
128,4,16,256,8,128,1024,23604672.21465494,51231.999695301056,6038.377198389263,86.655,0,0,12,0,1,6,4,16,1,183,223,32,0
128,4,16,256,16,2,32,654325.555612226,22137.599997222424,5263.4554938856245,80.624,0,0,12,0,1,6,4,16,1,183,223,32,0
128,4,16,256,16,4,64,1924556.577907861,23711.9996920228,5223.566489785988,80.993,0,0,12,0,1,6,4,16,1,183,223,32,0
128,4,16,256,16,8,128,3805578.761714974,25446.40004634857,5183.677485686351,81.378,0,0,12,0,1,6,4,16,1,183,223,32,0
128,4,16,256,16,16,256,7538179.355053688,31910.399720072743,5143.7884815867155,81.513,0,0,12,0,1,6,4,16,1,183,223,32,0
128,4,16,256,16,32,512,15180354.181450589,45920.00097036362,5183.677485686351,81.446,0,0,12,0,1,6,4,16,1,183,223,32,0
128,4,16,256,16,64,1024,20391585.043282956,74284.79939699173,5223.566489785988,81.545,0,0,12,0,1,6,4,16,1,183,223,32,0
128,4,16,256,32,1,32,614391.0929629337,24358.39995741844,4955.7726498330785,80.5615,0,0,12,0,1,6,4,16,1,183,223,32,0
128,4,16,256,32,2,64,1815224.072439381,26623.99969995022,4935.828147783261,80.85300000000001,0,0,12,0,1,6,4,16,1,183,223,32,0
128,4,16,256,32,4,128,3604693.3844456286,31743.99994313717,4915.883645733442,80.868,0,0,12,0,1,6,4,16,1,183,223,32,0
128,4,16,256,32,8,256,7168898.836880719,43564.800173044205,4895.939143683624,80.877,0,0,12,0,1,6,4,16,1,183,223,32,0
128,4,16,256,32,16,512,14267837.4055876,69465.60069918633,4875.994641633805,81.023,0,0,12,0,1,6,4,16,1,183,223,32,0
128,4,16,256,32,32,1024,18941028.490869094,121920.00299692154,4856.050139583987,81.137,0,0,12,0,1,6,4,16,1,183,223,32,0
128,4,16,256,64,1,64,1829975.2230422331,25593.599677085876,4975.717151882897,81.07,0,0,12,0,1,6,4,16,1,183,223,32,0
128,4,16,256,64,2,128,3634183.6996343695,31398.399919271473,4955.7726498330785,80.871,0,0,12,0,1,6,4,16,1,183,223,32,0
128,4,16,256,64,4,256,7227867.481241237,44620.80076336861,4935.828147783261,80.95,0,0,12,0,1,6,4,16,1,183,223,32,0
128,4,16,256,64,8,512,14385762.708291674,69529.60044145584,4915.883645733442,80.944,0,0,12,0,1,6,4,16,1,183,223,32,0
128,4,16,256,64,16,1024,19098254.279533356,121900.80285072327,4895.939143683624,80.898,0,0,12,0,1,6,4,16,1,183,223,32,0
128,4,16,256,128,1,128,3663674.014823111,30931.200459599495,4995.661653932717,81.564,0,0,12,0,1,6,4,16,1,183,223,32,0
128,4,16,256,128,2,256,7286836.125601755,43436.80068850517,4975.717151882897,81.578,0,0,12,0,1,6,4,16,1,183,223,32,0
128,4,16,256,128,4,512,14503688.010995744,70003.19957733154,4955.7726498330785,81.46,0,0,12,0,1,6,4,16,1,183,223,32,0
128,4,16,256,128,8,1024,19255480.06819762,122003.20214033127,4935.828147783261,81.344,0,0,12,0,1,6,4,16,1,183,223,32,0
128,4,16,256,256,1,256,7345804.769962274,31296.000257134438,5015.606155982535,82.104,0,0,12,0,1,6,4,16,1,183,223,32,0
128,4,16,256,256,2,512,14621613.313699821,44838.400185108185,4995.661653932717,81.657,0,0,12,0,1,6,4,16,1,183,223,32,0
128,4,16,256,256,4,1024,19412705.856861882,72793.59996318817,4975.717151882897,81.68,0,0,12,0,1,6,4,16,1,183,223,32,0
128,4,16,256,512,1,512,14739538.616403894,31788.799911737442,5035.550658032353,82.408,0,0,12,0,1,6,4,16,1,183,223,32,0
128,4,16,256,512,2,1024,19569931.645526152,45299.20071363449,5015.606155982535,81.994,0,0,12,0,1,6,4,16,1,183,223,32,0
128,4,16,256,1024,1,1024,19727157.43419042,31532.79982507229,5055.495160082171,82.614,0,0,12,0,1,6,4,16,1,183,223,32,0
256,4,16,256,1,32,32,903654.4727677464,22444.799914956093,6296.955221459184,99.205,0,0,12,0,1,6,4,16,1,183,223,32,0
256,4,16,256,1,64,64,2681709.216105755,23468.799702823162,6296.955221459184,111.759,0,0,12,0,1,6,4,16,1,183,223,32,0
256,4,16,256,1,128,128,5343813.426749018,23327.999748289585,6296.955221459184,126.213,0,0,12,0,1,6,4,16,1,183,223,32,0
256,4,16,256,1,256,256,10668021.84803554,24127.999506890774,6296.955221459184,162.961,0,0,12,0,1,6,4,16,1,183,223,32,0
256,4,16,256,1,512,512,21316438.69060859,29638.400301337242,6296.955221459184,184.612,0,0,12,0,1,6,4,16,1,183,223,32,0
256,4,16,256,1,1024,1024,28412064.649414785,42502.400279045105,6296.955221459184,188.837,0,0,12,0,1,6,4,16,1,183,223,32,0
256,4,16,256,2,16,32,903483.7271847376,22572.79995828867,6296.955221459184,95.336,0,0,12,0,1,6,4,16,1,183,223,32,0
256,4,16,256,2,32,64,2681454.4496793877,22726.399824023247,6296.955221459184,96.366,0,0,12,0,1,6,4,16,1,183,223,32,0
256,4,16,256,2,64,128,5343558.6603226485,22969.5999994874,6296.955221459184,106.519,0,0,12,0,1,6,4,16,1,183,223,32,0
256,4,16,256,2,128,256,10667767.08160917,24383.999779820442,6296.955221459184,125.489,0,0,12,0,1,6,4,16,1,183,223,32,0
256,4,16,256,2,256,512,21316183.924182218,30553.600192070007,6296.955221459184,134.726,0,0,12,0,1,6,4,16,1,183,223,32,0
256,4,16,256,2,512,1024,28411893.903831773,41798.40013384819,6296.955221459184,137.228,0,0,12,0,1,6,4,16,1,183,223,32,0
256,4,16,256,4,8,32,874889.4661892233,23686.399683356285,6296.955221459184,88.725,0,0,12,0,1,6,4,16,1,183,223,32,0
256,4,16,256,4,16,64,2655646.2947284253,22963.199950754642,6296.955221459184,92.16,0,0,12,0,1,6,4,16,1,183,223,32,0
256,4,16,256,4,32,128,5343049.127469917,22905.59969842434,6296.955221459184,96.057,0,0,12,0,1,6,4,16,1,183,223,32,0
256,4,16,256,4,64,256,10667257.548756441,25619.200244545937,6296.955221459184,99.564,0,0,12,0,1,6,4,16,1,183,223,32,0
256,4,16,256,4,128,512,21315674.39132949,31340.79985320568,6296.955221459184,105.627,0,0,12,0,1,6,4,16,1,183,223,32,0
256,4,16,256,4,256,1024,28411552.41266576,45843.201130628586,6296.955221459184,106.996,0,0,12,0,1,6,4,16,1,183,223,32,0
256,4,16,256,8,4,32,721693.2850898855,23084.79994535446,5799.043173791442,85.663,0,0,12,0,1,6,4,16,1,183,223,32,0
256,4,16,256,8,8,64,2109751.8116183085,23935.99972128868,5719.265165592169,86.757,0,0,12,0,1,6,4,16,1,183,223,32,0
256,4,16,256,8,16,128,4262498.083886161,24627.20014154911,5799.043173791442,90.438,0,0,12,0,1,6,4,16,1,183,223,32,0
256,4,16,256,8,32,256,8626855.608093582,28089.599311351776,5878.8211819907165,94.086,0,0,12,0,1,6,4,16,1,183,223,32,0
256,4,16,256,8,64,512,17473392.29452369,37689.60013985634,5958.59919018999,95.081,0,0,12,0,1,6,4,16,1,183,223,32,0
256,4,16,256,8,128,1024,23604672.21465494,57395.20117640495,6038.377198389263,95.487,0,0,12,0,1,6,4,16,1,183,223,32,0
256,4,16,256,16,2,32,654325.555612226,24569.599889218807,5263.4554938856245,84.704,0,0,12,0,1,6,4,16,1,183,223,32,0
256,4,16,256,16,4,64,1924556.577907861,25331.199914216995,5223.566489785988,85.379,0,0,12,0,1,6,4,16,1,183,223,32,0
256,4,16,256,16,8,128,3805578.761714974,27193.599939346313,5183.677485686351,85.714,0,0,12,0,1,6,4,16,1,183,223,32,0
256,4,16,256,16,16,256,7538179.355053688,34559.99977886677,5143.7884815867155,86.308,0,0,12,0,1,6,4,16,1,183,223,32,0
256,4,16,256,16,32,512,15180354.181450589,49350.400269031525,5183.677485686351,86.717,0,0,12,0,1,6,4,16,1,183,223,32,0
256,4,16,256,16,64,1024,20391585.043282956,81350.4010438919,5223.566489785988,87.085,0,0,12,0,1,6,4,16,1,183,223,32,0
256,4,16,256,32,1,32,614391.0929629337,26086.40007674694,4955.7726498330785,85.113,0,0,12,0,1,6,4,16,1,183,223,32,0
256,4,16,256,32,2,64,1815224.072439381,28543.999418616295,4935.828147783261,84.691,0,0,12,0,1,6,4,16,1,183,223,32,0
256,4,16,256,32,4,128,3604693.3844456286,33753.59997153282,4915.883645733442,84.9,0,0,12,0,1,6,4,16,1,183,223,32,0
256,4,16,256,32,8,256,7168898.836880719,46150.40123462677,4895.939143683624,84.878,0,0,12,0,1,6,4,16,1,183,223,32,0
256,4,16,256,32,16,512,14267837.4055876,73318.39948892593,4875.994641633805,84.897,0,0,12,0,1,6,4,16,1,183,223,32,0
256,4,16,256,32,32,1024,18941028.490869094,128915.19963741302,4856.050139583987,84.858,0,0,12,0,1,6,4,16,1,183,223,32,0
256,4,16,256,64,1,64,1829975.2230422331,27193.599939346313,4975.717151882897,84.098,0,0,12,0,1,6,4,16,1,183,223,32,0
256,4,16,256,64,2,128,3634183.6996343695,32998.400181531906,4955.7726498330785,84.552,0,0,12,0,1,6,4,16,1,183,223,32,0
256,4,16,256,64,4,256,7227867.481241237,45932.80106782913,4935.828147783261,84.708,0,0,12,0,1,6,4,16,1,183,223,32,0
256,4,16,256,64,8,512,14385762.708291674,73203.1986117363,4915.883645733442,84.114,0,0,12,0,1,6,4,16,1,183,223,32,0
256,4,16,256,64,16,1024,19098254.279533356,129132.80129432678,4895.939143683624,84.211,0,0,12,0,1,6,4,16,1,183,223,32,0
256,4,16,256,128,1,128,3663674.014823111,33203.199878335,4995.661653932717,85.036,0,0,12,0,1,6,4,16,1,183,223,32,0
256,4,16,256,128,2,256,7286836.125601755,45811.2008869648,4975.717151882897,84.939,0,0,12,0,1,6,4,16,1,183,223,32,0
256,4,16,256,128,4,512,14503688.010995744,73094.39927339554,4955.7726498330785,84.546,0,0,12,0,1,6,4,16,1,183,223,32,0
256,4,16,256,128,8,1024,19255480.06819762,128224.00033473969,4935.828147783261,84.811,0,0,12,0,1,6,4,16,1,183,223,32,0
256,4,16,256,256,1,256,7345804.769962274,45568.00052523613,5015.606155982535,85.828,0,0,12,0,1,6,4,16,1,183,223,32,0
256,4,16,256,256,2,512,14621613.313699821,75091.1995768547,4995.661653932717,85.469,0,0,12,0,1,6,4,16,1,183,223,32,0
256,4,16,256,256,4,1024,19412705.856861882,128236.79894208908,4975.717151882897,84.729,0,0,12,0,1,6,4,16,1,183,223,32,0
256,4,16,256,512,1,512,14739538.616403894,45907.2008728981,5035.550658032353,86.077,0,0,12,0,1,6,4,16,1,183,223,32,0
256,4,16,256,512,2,1024,19569931.645526152,72940.79959392548,5015.606155982535,85.249,0,0,12,0,1,6,4,16,1,183,223,32,0
256,4,16,256,1024,1,1024,19727157.43419042,46400.00015497208,5055.495160082171,86.054,0,0,12,0,1,6,4,16,1,183,223,32,0
512,4,16,256,1,32,32,903654.4727677464,25664.00021314621,6296.955221459184,106.803,0,0,12,0,1,6,4,16,1,183,223,32,0
512,4,16,256,1,64,64,2681709.216105755,25625.600293278694,6296.955221459184,120.171,0,0,12,0,1,6,4,16,1,183,223,32,0
512,4,16,256,1,128,128,5343813.426749018,26214.399933815002,6296.955221459184,139.306,0,0,12,0,1,6,4,16,1,183,223,32,0
512,4,16,256,1,256,256,10668021.84803554,27763.20017874241,6296.955221459184,174.656,0,0,12,0,1,6,4,16,1,183,223,32,0
512,4,16,256,1,512,512,21316438.69060859,36249.59997832775,6296.955221459184,194.91,0,0,12,0,1,6,4,16,1,183,223,32,0
512,4,16,256,1,1024,1024,28412064.649414785,54099.200665950775,6296.955221459184,200.649,0,0,12,0,1,6,4,16,1,183,223,32,0
512,4,16,256,2,16,32,903483.7271847376,25875.19995868206,6296.955221459184,96.713,0,0,12,0,1,6,4,16,1,183,223,32,0
512,4,16,256,2,32,64,2681454.4496793877,25337.599962949753,6296.955221459184,104.181,0,0,12,0,1,6,4,16,1,183,223,32,0
512,4,16,256,2,64,128,5343558.6603226485,26560.000330209732,6296.955221459184,115.716,0,0,12,0,1,6,4,16,1,183,223,32,0
512,4,16,256,2,128,256,10667767.08160917,28384.000435471535,6296.955221459184,133.235,0,0,12,0,1,6,4,16,1,183,223,32,0
512,4,16,256,2,256,512,21316183.924182218,35635.19977033138,6296.955221459184,145.068,0,0,12,0,1,6,4,16,1,183,223,32,0
512,4,16,256,2,512,1024,28411893.903831773,54662.39973902702,6296.955221459184,145.789,0,0,12,0,1,6,4,16,1,183,223,32,0
512,4,16,256,4,8,32,874889.4661892233,26329.60006594658,6296.955221459184,95.681,0,0,12,0,1,6,4,16,1,183,223,32,0
512,4,16,256,4,16,64,2655646.2947284253,26169.60033774376,6296.955221459184,96.028,0,0,12,0,1,6,4,16,1,183,223,32,0
512,4,16,256,4,32,128,5343049.127469917,26348.80021214485,6296.955221459184,101.554,0,0,12,0,1,6,4,16,1,183,223,32,0
512,4,16,256,4,64,256,10667257.548756441,28851.19989514351,6296.955221459184,110.587,0,0,12,0,1,6,4,16,1,183,223,32,0
512,4,16,256,4,128,512,21315674.39132949,38131.20052218437,6296.955221459184,115.656,0,0,12,0,1,6,4,16,1,183,223,32,0
512,4,16,256,4,256,1024,28411552.41266576,57753.60018014908,6296.955221459184,115.841,0,0,12,0,1,6,4,16,1,183,223,32,0
512,4,16,256,8,4,32,721693.2850898855,26489.60053920746,5799.043173791442,94.989,0,0,12,0,1,6,4,16,1,183,223,32,0
512,4,16,256,8,8,64,2109751.8116183085,26496.000215411186,5719.265165592169,95.529,0,0,12,0,1,6,4,16,1,183,223,32,0
512,4,16,256,8,16,128,4262498.083886161,28038.399666547775,5799.043173791442,95.953,0,0,12,0,1,6,4,16,1,183,223,32,0
512,4,16,256,8,32,256,8626855.608093582,31635.199859738354,5878.8211819907165,96.213,0,0,12,0,1,6,4,16,1,183,223,32,0
512,4,16,256,8,64,512,17473392.29452369,43283.20100903511,5958.59919018999,97.542,0,0,12,0,1,6,4,16,1,183,223,32,0
512,4,16,256,8,128,1024,23604672.21465494,69395.19941806793,6038.377198389263,97.37,0,0,12,0,1,6,4,16,1,183,223,32,0
512,4,16,256,16,2,32,654325.555612226,26860.80001294613,5263.4554938856245,93.638,0,0,12,0,1,6,4,16,1,183,223,32,0
512,4,16,256,16,4,64,1924556.577907861,28275.199979543686,5223.566489785988,94.042,0,0,12,0,1,6,4,16,1,183,223,32,0
512,4,16,256,16,8,128,3805578.761714974,30764.800310134888,5183.677485686351,95.262,0,0,12,0,1,6,4,16,1,183,223,32,0
512,4,16,256,16,16,256,7538179.355053688,37817.59962439537,5143.7884815867155,95.536,0,0,12,0,1,6,4,16,1,183,223,32,0
512,4,16,256,16,32,512,15180354.181450589,55705.60023188591,5183.677485686351,95.664,0,0,12,0,1,6,4,16,1,183,223,32,0
512,4,16,256,16,64,1024,20391585.043282956,93619.19909715652,5223.566489785988,95.444,0,0,12,0,1,6,4,16,1,183,223,32,0
512,4,16,256,32,1,32,614391.0929629337,28275.200352072716,4955.7726498330785,92.147,0,0,12,0,1,6,4,16,1,183,223,32,0
512,4,16,256,32,2,64,1815224.072439381,30988.800525665283,4935.828147783261,93.062,0,0,12,0,1,6,4,16,1,183,223,32,0
512,4,16,256,32,4,128,3604693.3844456286,36800.000071525574,4915.883645733442,93.161,0,0,12,0,1,6,4,16,1,183,223,32,0
512,4,16,256,32,8,256,7168898.836880719,49817.59935617447,4895.939143683624,92.083,0,0,12,0,1,6,4,16,1,183,223,32,0
512,4,16,256,32,16,512,14267837.4055876,79174.40086603165,4875.994641633805,92.328,0,0,12,0,1,6,4,16,1,183,223,32,0
512,4,16,256,32,32,1024,18941028.490869094,140915.20011425018,4856.050139583987,91.926,0,0,12,0,1,6,4,16,1,183,223,32,0
512,4,16,256,64,1,64,1829975.2230422331,29990.40000140667,4975.717151882897,91.172,0,0,12,0,1,6,4,16,1,183,223,32,0
512,4,16,256,64,2,128,3634183.6996343695,36473.59982132912,4955.7726498330785,90.99,0,0,12,0,1,6,4,16,1,183,223,32,0
512,4,16,256,64,4,256,7227867.481241237,49766.39896631241,4935.828147783261,91.41300000000001,0,0,12,0,1,6,4,16,1,183,223,32,0
512,4,16,256,64,8,512,14385762.708291674,79257.6014995575,4915.883645733442,90.998,0,0,12,0,1,6,4,16,1,183,223,32,0
512,4,16,256,64,16,1024,19098254.279533356,140447.998046875,4895.939143683624,90.751,0,0,12,0,1,6,4,16,1,183,223,32,0
512,4,16,256,128,1,128,3663674.014823111,36985.599622130394,4995.661653932717,92.654,0,0,12,0,1,6,4,16,1,183,223,32,0
512,4,16,256,128,2,256,7286836.125601755,49433.599412441254,4975.717151882897,91.861,0,0,12,0,1,6,4,16,1,183,223,32,0
512,4,16,256,128,4,512,14503688.010995744,79014.40113782883,4955.7726498330785,91.279,0,0,12,0,1,6,4,16,1,183,223,32,0
512,4,16,256,128,8,1024,19255480.06819762,140479.9997806549,4935.828147783261,91.033,0,0,12,0,1,6,4,16,1,183,223,32,0
512,4,16,256,256,1,256,7345804.769962274,49523.19860458374,5015.606155982535,93.707,0,0,12,0,1,6,4,16,1,183,223,32,0
512,4,16,256,256,2,512,14621613.313699821,79212.80115842819,4995.661653932717,92.605,0,0,12,0,1,6,4,16,1,183,223,32,0
512,4,16,256,256,4,1024,19412705.856861882,141356.79602622986,4975.717151882897,92.345,0,0,12,0,1,6,4,16,1,183,223,32,0
512,4,16,256,512,1,512,14739538.616403894,74163.19996118546,5035.550658032353,93.7475,0,0,12,0,1,6,4,16,1,183,223,32,0
512,4,16,256,512,2,1024,19569931.645526152,128742.40130186082,5015.606155982535,92.387,0,0,12,0,1,6,4,16,1,183,223,32,0
512,4,16,256,1024,1,1024,19727157.43419042,74655.99924325943,5055.495160082171,93.711,0,0,12,0,1,6,4,16,1,183,223,32,0
786,4,16,256,1,32,32,903654.4727677464,29440.000280737877,6296.955221459184,115.314,0,0,12,0,1,6,4,16,1,183,223,32,0
786,4,16,256,1,64,64,2681709.216105755,29401.59998834133,6296.955221459184,125.5635,0,0,12,0,1,6,4,16,1,183,223,32,0
786,4,16,256,1,128,128,5343813.426749018,29696.00036740303,6296.955221459184,145.765,0,0,12,0,1,6,4,16,1,183,223,32,0
786,4,16,256,1,256,256,10668021.84803554,32313.600182533264,6296.955221459184,184.177,0,0,12,0,1,6,4,16,1,183,223,32,0
786,4,16,256,1,512,512,21316438.69060859,42604.79956865311,6296.955221459184,205.562,0,0,12,0,1,6,4,16,1,183,223,32,0
786,4,16,256,1,1024,1024,28412064.649414785,68339.20106291771,6296.955221459184,209.2355,0,0,12,0,1,6,4,16,1,183,223,32,0
786,4,16,256,2,16,32,903483.7271847376,29529.600217938423,6296.955221459184,101.238,0,0,12,0,1,6,4,16,1,183,223,32,0
786,4,16,256,2,32,64,2681454.4496793877,29926.400259137154,6296.955221459184,107.452,0,0,12,0,1,6,4,16,1,183,223,32,0
786,4,16,256,2,64,128,5343558.6603226485,29926.399886608124,6296.955221459184,119.201,0,0,12,0,1,6,4,16,1,183,223,32,0
786,4,16,256,2,128,256,10667767.08160917,32940.80011546612,6296.955221459184,135.834,0,0,12,0,1,6,4,16,1,183,223,32,0
786,4,16,256,2,256,512,21316183.924182218,42873.600870370865,6296.955221459184,147.265,0,0,12,0,1,6,4,16,1,183,223,32,0
786,4,16,256,2,512,1024,28411893.903831773,67987.20136284828,6296.955221459184,148.486,0,0,12,0,1,6,4,16,1,183,223,32,0
786,4,16,256,4,8,32,874889.4661892233,29139.20022547245,6296.955221459184,96.34,0,0,12,0,1,6,4,16,1,183,223,32,0
786,4,16,256,4,16,64,2655646.2947284253,29696.00036740303,6296.955221459184,96.444,0,0,12,0,1,6,4,16,1,183,223,32,0
786,4,16,256,4,32,128,5343049.127469917,29888.000339269638,6296.955221459184,103.299,0,0,12,0,1,6,4,16,1,183,223,32,0
786,4,16,256,4,64,256,10667257.548756441,33625.59974193573,6296.955221459184,112.47,0,0,12,0,1,6,4,16,1,183,223,32,0
786,4,16,256,4,128,512,21315674.39132949,44287.99971938133,6296.955221459184,116.501,0,0,12,0,1,6,4,16,1,183,223,32,0
786,4,16,256,4,256,1024,28411552.41266576,71436.79857254028,6296.955221459184,117.082,0,0,12,0,1,6,4,16,1,183,223,32,0
786,4,16,256,8,4,32,721693.2850898855,30016.00056886673,5799.043173791442,95.222,0,0,12,0,1,6,4,16,1,183,223,32,0
786,4,16,256,8,8,64,2109751.8116183085,29945.600405335426,5719.265165592169,95.989,0,0,12,0,1,6,4,16,1,183,223,32,0
786,4,16,256,8,16,128,4262498.083886161,31366.399675607685,5799.043173791442,96.182,0,0,12,0,1,6,4,16,1,183,223,32,0
786,4,16,256,8,32,256,8626855.608093582,35635.19977033138,5878.8211819907165,96.667,0,0,12,0,1,6,4,16,1,183,223,32,0
786,4,16,256,8,64,512,17473392.29452369,50201.600790023804,5958.59919018999,98.024,0,0,12,0,1,6,4,16,1,183,223,32,0
786,4,16,256,8,128,1024,23604672.21465494,82950.40130615234,6038.377198389263,97.812,0,0,12,0,1,6,4,16,1,183,223,32,0
786,4,16,256,16,2,32,654325.555612226,30291.199684143066,5263.4554938856245,91.797,0,0,12,0,1,6,4,16,1,183,223,32,0
786,4,16,256,16,4,64,1924556.577907861,31462.40003407001,5223.566489785988,92.6905,0,0,12,0,1,6,4,16,1,183,223,32,0
786,4,16,256,16,8,128,3805578.761714974,33331.20010793209,5183.677485686351,94.305,0,0,12,0,1,6,4,16,1,183,223,32,0
786,4,16,256,16,16,256,7538179.355053688,42047.99979925156,5143.7884815867155,94.934,0,0,12,0,1,6,4,16,1,183,223,32,0
786,4,16,256,16,32,512,15180354.181450589,62604.80061173439,5183.677485686351,95.047,0,0,12,0,1,6,4,16,1,183,223,32,0
786,4,16,256,16,64,1024,20391585.043282956,106700.798869133,5223.566489785988,94.338,0,0,12,0,1,6,4,16,1,183,223,32,0
786,4,16,256,32,1,32,614391.0929629337,32083.19991827011,4955.7726498330785,89.76,0,0,12,0,1,6,4,16,1,183,223,32,0
786,4,16,256,32,2,64,1815224.072439381,35404.79987859726,4935.828147783261,89.739,0,0,12,0,1,6,4,16,1,183,223,32,0
786,4,16,256,32,4,128,3604693.3844456286,40748.800337314606,4915.883645733442,90.103,0,0,12,0,1,6,4,16,1,183,223,32,0
786,4,16,256,32,8,256,7168898.836880719,54387.19987869263,4895.939143683624,89.983,0,0,12,0,1,6,4,16,1,183,223,32,0
786,4,16,256,32,16,512,14267837.4055876,86316.8016076088,4875.994641633805,90.535,0,0,12,0,1,6,4,16,1,183,223,32,0
786,4,16,256,32,32,1024,18941028.490869094,155014.3986940384,4856.050139583987,89.491,0,0,12,0,1,6,4,16,1,183,223,32,0
786,4,16,256,64,1,64,1829975.2230422331,33164.799585938454,4975.717151882897,88.143,0,0,12,0,1,6,4,16,1,183,223,32,0
786,4,16,256,64,2,128,3634183.6996343695,39532.800018787384,4955.7726498330785,88.005,0,0,12,0,1,6,4,16,1,183,223,32,0
786,4,16,256,64,4,256,7227867.481241237,53452.79946923256,4935.828147783261,88.022,0,0,12,0,1,6,4,16,1,183,223,32,0
786,4,16,256,64,8,512,14385762.708291674,86611.19788885117,4915.883645733442,88.081,0,0,12,0,1,6,4,16,1,183,223,32,0
786,4,16,256,64,16,1024,19098254.279533356,154419.20161247253,4895.939143683624,88.076,0,0,12,0,1,6,4,16,1,183,223,32,0
786,4,16,256,128,1,128,3663674.014823111,40646.401047706604,4995.661653932717,89.2595,0,0,12,0,1,6,4,16,1,183,223,32,0
786,4,16,256,128,2,256,7286836.125601755,53337.60008215904,4975.717151882897,89.225,0,0,12,0,1,6,4,16,1,183,223,32,0
786,4,16,256,128,4,512,14503688.010995744,85427.19930410385,4955.7726498330785,88.761,0,0,12,0,1,6,4,16,1,183,223,32,0
786,4,16,256,128,8,1024,19255480.06819762,154438.4002685547,4935.828147783261,88.268,0,0,12,0,1,6,4,16,1,183,223,32,0
786,4,16,256,256,1,256,7345804.769962274,54041.60022735596,5015.606155982535,90.61,0,0,12,0,1,6,4,16,1,183,223,32,0
786,4,16,256,256,2,512,14621613.313699821,85804.79919910431,4995.661653932717,89.337,0,0,12,0,1,6,4,16,1,183,223,32,0
786,4,16,256,256,4,1024,19412705.856861882,154016.00301265717,4975.717151882897,89.151,0,0,12,0,1,6,4,16,1,183,223,32,0
786,4,16,256,512,1,512,14739538.616403894,78592.00090169907,5035.550658032353,90.299,0,0,12,0,1,6,4,16,1,183,223,32,0
786,4,16,256,512,2,1024,19569931.645526152,135814.40150737762,5015.606155982535,89.257,0,0,12,0,1,6,4,16,1,183,223,32,0
786,4,16,256,1024,1,1024,19727157.43419042,106054.40139770508,5055.495160082171,90.062,0,0,12,0,1,6,4,16,1,183,223,32,0
1024,4,16,256,1,32,32,903654.4727677464,32524.799928069115,6296.955221459184,114.294,0,0,12,0,1,6,4,16,1,183,223,32,0
1024,4,16,256,1,64,64,2681709.216105755,32377.599924802784,6296.955221459184,125.852,0,0,12,0,1,6,4,16,1,183,223,32,0
1024,4,16,256,1,128,128,5343813.426749018,32198.400050401684,6296.955221459184,145.732,0,0,12,0,1,6,4,16,1,183,223,32,0
1024,4,16,256,1,256,256,10668021.84803554,35366.399958729744,6296.955221459184,185.3275,0,0,12,0,1,6,4,16,1,183,223,32,0
1024,4,16,256,1,512,512,21316438.69060859,48211.199045181274,6296.955221459184,207.792,0,0,12,0,1,6,4,16,1,183,223,32,0
1024,4,16,256,1,1024,1024,28412064.649414785,79820.8013176918,6296.955221459184,209.662,0,0,12,0,1,6,4,16,1,183,223,32,0
1024,4,16,256,2,16,32,903483.7271847376,31884.79989767075,6296.955221459184,101.373,0,0,12,0,1,6,4,16,1,183,223,32,0
1024,4,16,256,2,32,64,2681454.4496793877,32345.600053668022,6296.955221459184,107.949,0,0,12,0,1,6,4,16,1,183,223,32,0
1024,4,16,256,2,64,128,5343558.6603226485,32518.399879336357,6296.955221459184,118.547,0,0,12,0,1,6,4,16,1,183,223,32,0
1024,4,16,256,2,128,256,10667767.08160917,35628.799721598625,6296.955221459184,136.318,0,0,12,0,1,6,4,16,1,183,223,32,0
1024,4,16,256,2,256,512,21316183.924182218,48537.59855031967,6296.955221459184,147.67,0,0,12,0,1,6,4,16,1,183,223,32,0
1024,4,16,256,2,512,1024,28411893.903831773,78784.00087356567,6296.955221459184,148.591,0,0,12,0,1,6,4,16,1,183,223,32,0
1024,4,16,256,4,8,32,874889.4661892233,32588.80004286766,6296.955221459184,96.099,0,0,12,0,1,6,4,16,1,183,223,32,0
1024,4,16,256,4,16,64,2655646.2947284253,32390.400394797325,6296.955221459184,96.704,0,0,12,0,1,6,4,16,1,183,223,32,0
1024,4,16,256,4,32,128,5343049.127469917,32710.399478673935,6296.955221459184,103.86,0,0,12,0,1,6,4,16,1,183,223,32,0
1024,4,16,256,4,64,256,10667257.548756441,36620.79982459545,6296.955221459184,114.206,0,0,12,0,1,6,4,16,1,183,223,32,0
1024,4,16,256,4,128,512,21315674.39132949,50502.40010023117,6296.955221459184,117.363,0,0,12,0,1,6,4,16,1,183,223,32,0
1024,4,16,256,4,256,1024,28411552.41266576,82188.80146741867,6296.955221459184,118.269,0,0,12,0,1,6,4,16,1,183,223,32,0
1024,4,16,256,8,4,32,721693.2850898855,32716.80027246475,5799.043173791442,95.623,0,0,12,0,1,6,4,16,1,183,223,32,0
1024,4,16,256,8,8,64,2109751.8116183085,33318.400010466576,5719.265165592169,96.151,0,0,12,0,1,6,4,16,1,183,223,32,0
1024,4,16,256,8,16,128,4262498.083886161,33971.20013833046,5799.043173791442,96.324,0,0,12,0,1,6,4,16,1,183,223,32,0
1024,4,16,256,8,32,256,8626855.608093582,39155.200123786926,5878.8211819907165,97.337,0,0,12,0,1,6,4,16,1,183,223,32,0
1024,4,16,256,8,64,512,17473392.29452369,56102.39952802658,5958.59919018999,99.691,0,0,12,0,1,6,4,16,1,183,223,32,0
1024,4,16,256,8,128,1024,23604672.21465494,93760.00016927719,6038.377198389263,99.493,0,0,12,0,1,6,4,16,1,183,223,32,0
1024,4,16,256,16,2,32,654325.555612226,33452.799916267395,5263.4554938856245,93.56,0,0,12,0,1,6,4,16,1,183,223,32,0
1024,4,16,256,16,4,64,1924556.577907861,34591.999277472496,5223.566489785988,94.744,0,0,12,0,1,6,4,16,1,183,223,32,0
1024,4,16,256,16,8,128,3805578.761714974,36422.399803996086,5183.677485686351,95.662,0,0,12,0,1,6,4,16,1,183,223,32,0
1024,4,16,256,16,16,256,7538179.355053688,45056.00109696388,5143.7884815867155,95.907,0,0,12,0,1,6,4,16,1,183,223,32,0
1024,4,16,256,16,32,512,15180354.181450589,67724.80085492134,5183.677485686351,96.141,0,0,12,0,1,6,4,16,1,183,223,32,0
1024,4,16,256,16,64,1024,20391585.043282956,117900.79921483994,5223.566489785988,95.515,0,0,12,0,1,6,4,16,1,183,223,32,0
1024,4,16,256,32,1,32,614391.0929629337,34534.39958393574,4955.7726498330785,91.762,0,0,12,0,1,6,4,16,1,183,223,32,0
1024,4,16,256,32,2,64,1815224.072439381,37286.40042245388,4935.828147783261,92.007,0,0,12,0,1,6,4,16,1,183,223,32,0
1024,4,16,256,32,4,128,3604693.3844456286,42643.19986104965,4915.883645733442,91.73,0,0,12,0,1,6,4,16,1,183,223,32,0
1024,4,16,256,32,8,256,7168898.836880719,57644.7993516922,4895.939143683624,91.646,0,0,12,0,1,6,4,16,1,183,223,32,0
1024,4,16,256,32,16,512,14267837.4055876,91251.19894742966,4875.994641633805,91.589,0,0,12,0,1,6,4,16,1,183,223,32,0
1024,4,16,256,32,32,1024,18941028.490869094,166035.19916534424,4856.050139583987,91.056,0,0,12,0,1,6,4,16,1,183,223,32,0
1024,4,16,256,64,1,64,1829975.2230422331,36435.1999014616,4975.717151882897,90.151,0,0,12,0,1,6,4,16,1,183,223,32,0
1024,4,16,256,64,2,128,3634183.6996343695,42924.801260232925,4955.7726498330785,89.866,0,0,12,0,1,6,4,16,1,183,223,32,0
1024,4,16,256,64,4,256,7227867.481241237,56723.20052981377,4935.828147783261,90.224,0,0,12,0,1,6,4,16,1,183,223,32,0
1024,4,16,256,64,8,512,14385762.708291674,91955.19834756851,4915.883645733442,90.318,0,0,12,0,1,6,4,16,1,183,223,32,0
1024,4,16,256,64,16,1024,19098254.279533356,165715.19672870636,4895.939143683624,90.402,0,0,12,0,1,6,4,16,1,183,223,32,0
1024,4,16,256,128,1,128,3663674.014823111,43795.20043730736,4995.661653932717,91.546,0,0,12,0,1,6,4,16,1,183,223,32,0
1024,4,16,256,128,2,256,7286836.125601755,56083.20012688637,4975.717151882897,91.335,0,0,12,0,1,6,4,16,1,183,223,32,0
1024,4,16,256,128,4,512,14503688.010995744,92159.99841690063,4955.7726498330785,90.68,0,0,12,0,1,6,4,16,1,183,223,32,0
1024,4,16,256,128,8,1024,19255480.06819762,165996.80185317993,4935.828147783261,90.553,0,0,12,0,1,6,4,16,1,183,223,32,0
1024,4,16,256,256,1,256,7345804.769962274,56646.399945020676,5015.606155982535,92.421,0,0,12,0,1,6,4,16,1,183,223,32,0
1024,4,16,256,256,2,512,14621613.313699821,91948.79829883575,4995.661653932717,90.579,0,0,12,0,1,6,4,16,1,183,223,32,0
1024,4,16,256,256,4,1024,19412705.856861882,166092.80109405518,4975.717151882897,90.779,0,0,12,0,1,6,4,16,1,183,223,32,0
1024,4,16,256,512,1,512,14739538.616403894,82316.8009519577,5035.550658032353,92.27,0,0,12,0,1,6,4,16,1,183,223,32,0
1024,4,16,256,512,2,1024,19569931.645526152,141683.2000017166,5015.606155982535,90.865,0,0,12,0,1,6,4,16,1,183,223,32,0
1024,4,16,256,1024,1,1024,19727157.43419042,132697.59863615036,5055.495160082171,92.12,0,0,12,0,1,6,4,16,1,183,223,32,0
2048,4,16,256,1,32,32,903654.4727677464,43711.99980378151,6296.955221459184,116.013,0,0,12,0,1,6,4,16,1,183,223,32,0
2048,4,16,256,1,64,64,2681709.216105755,44371.20035290718,6296.955221459184,127.592,0,0,12,0,1,6,4,16,1,183,223,32,0
2048,4,16,256,1,128,128,5343813.426749018,45305.60076236725,6296.955221459184,149.813,0,0,12,0,1,6,4,16,1,183,223,32,0
2048,4,16,256,1,256,256,10668021.84803554,50348.79967570305,6296.955221459184,191.818,0,0,12,0,1,6,4,16,1,183,223,32,0
2048,4,16,256,1,512,512,21316438.69060859,72876.7991065979,6296.955221459184,214.458,0,0,12,0,1,6,4,16,1,183,223,32,0
2048,4,16,256,1,1024,1024,28412064.649414785,129030.40051460266,6296.955221459184,216.836,0,0,12,0,1,6,4,16,1,183,223,32,0
2048,4,16,256,2,16,32,903483.7271847376,44236.80156469345,6296.955221459184,104.797,0,0,12,0,1,6,4,16,1,183,223,32,0
2048,4,16,256,2,32,64,2681454.4496793877,44345.60015797615,6296.955221459184,112.0865,0,0,12,0,1,6,4,16,1,183,223,32,0
2048,4,16,256,2,64,128,5343558.6603226485,44896.000623703,6296.955221459184,125.444,0,0,12,0,1,6,4,16,1,183,223,32,0
2048,4,16,256,2,128,256,10667767.08160917,50463.999807834625,6296.955221459184,142.67,0,0,12,0,1,6,4,16,1,183,223,32,0
2048,4,16,256,2,256,512,21316183.924182218,72755.19967079163,6296.955221459184,153.369,0,0,12,0,1,6,4,16,1,183,223,32,0
2048,4,16,256,2,512,1024,28411893.903831773,127635.19734144211,6296.955221459184,152.182,0,0,12,0,1,6,4,16,1,183,223,32,0
2048,4,16,256,4,8,32,874889.4661892233,44889.601320028305,6296.955221459184,96.307,0,0,12,0,1,6,4,16,1,183,223,32,0
2048,4,16,256,4,16,64,2655646.2947284253,43916.80061817169,6296.955221459184,98.254,0,0,12,0,1,6,4,16,1,183,223,32,0
2048,4,16,256,4,32,128,5343049.127469917,44793.59909892082,6296.955221459184,106.035,0,0,12,0,1,6,4,16,1,183,223,32,0
2048,4,16,256,4,64,256,10667257.548756441,50790.39931297302,6296.955221459184,115.879,0,0,12,0,1,6,4,16,1,183,223,32,0
2048,4,16,256,4,128,512,21315674.39132949,74553.59995365143,6296.955221459184,122.489,0,0,12,0,1,6,4,16,1,183,223,32,0
2048,4,16,256,4,256,1024,28411552.41266576,130803.1976222992,6296.955221459184,121.972,0,0,12,0,1,6,4,16,1,183,223,32,0
2048,4,16,256,8,4,32,721693.2850898855,43788.8003885746,5799.043173791442,95.951,0,0,12,0,1,6,4,16,1,183,223,32,0
2048,4,16,256,8,8,64,2109751.8116183085,44441.600888967514,5719.265165592169,96.09,0,0,12,0,1,6,4,16,1,183,223,32,0
2048,4,16,256,8,16,128,4262498.083886161,46246.401220560074,5799.043173791442,96.384,0,0,12,0,1,6,4,16,1,183,223,32,0
2048,4,16,256,8,32,256,8626855.608093582,54067.20042228699,5878.8211819907165,98.803,0,0,12,0,1,6,4,16,1,183,223,32,0
2048,4,16,256,8,64,512,17473392.29452369,79923.20209741592,5958.59919018999,101.773,0,0,12,0,1,6,4,16,1,183,223,32,0
2048,4,16,256,8,128,1024,23604672.21465494,142726.4004945755,6038.377198389263,101.688,0,0,12,0,1,6,4,16,1,183,223,32,0
2048,4,16,256,16,2,32,654325.555612226,45100.799947977066,5263.4554938856245,92.769,0,0,12,0,1,6,4,16,1,183,223,32,0
2048,4,16,256,16,4,64,1924556.577907861,46457.601338624954,5223.566489785988,93.862,0,0,12,0,1,6,4,16,1,183,223,32,0
2048,4,16,256,16,8,128,3805578.761714974,48601.59903764725,5183.677485686351,95.197,0,0,12,0,1,6,4,16,1,183,223,32,0
2048,4,16,256,16,16,256,7538179.355053688,59897.59936928749,5143.7884815867155,96.149,0,0,12,0,1,6,4,16,1,183,223,32,0
2048,4,16,256,16,32,512,15180354.181450589,92537.59831190109,5183.677485686351,95.921,0,0,12,0,1,6,4,16,1,183,223,32,0
2048,4,16,256,16,64,1024,20391585.043282956,166847.9949235916,5223.566489785988,94.689,0,0,12,0,1,6,4,16,1,183,223,32,0
2048,4,16,256,32,1,32,614391.0929629337,46784.00084376335,4955.7726498330785,90.542,0,0,12,0,1,6,4,16,1,183,223,32,0
2048,4,16,256,32,2,64,1815224.072439381,49356.79882764816,4935.828147783261,91.802,0,0,12,0,1,6,4,16,1,183,223,32,0
2048,4,16,256,32,4,128,3604693.3844456286,55820.80036401749,4915.883645733442,91.518,0,0,12,0,1,6,4,16,1,183,223,32,0
2048,4,16,256,32,8,256,7168898.836880719,71404.7983288765,4895.939143683624,94.857,0,0,12,0,1,6,4,16,1,183,223,32,0
2048,4,16,256,32,16,512,14267837.4055876,115539.20060396194,4875.994641633805,93.971,0,0,12,0,1,6,4,16,1,183,223,32,0
2048,4,16,256,32,32,1024,18941028.490869094,214207.99791812897,4856.050139583987,93.44,0,0,12,0,1,6,4,16,1,183,223,32,0
2048,4,16,256,64,1,64,1829975.2230422331,47340.79986810684,4975.717151882897,93.045,0,0,12,0,1,6,4,16,1,183,223,32,0
2048,4,16,256,64,2,128,3634183.6996343695,54425.60017108917,4955.7726498330785,93.198,0,0,12,0,1,6,4,16,1,183,223,32,0
2048,4,16,256,64,4,256,7227867.481241237,70361.60081624985,4935.828147783261,93.906,0,0,12,0,1,6,4,16,1,183,223,32,0
2048,4,16,256,64,8,512,14385762.708291674,115705.5988907814,4915.883645733442,92.81,0,0,12,0,1,6,4,16,1,183,223,32,0
2048,4,16,256,64,16,1024,19098254.279533356,213043.20096969604,4895.939143683624,92.205,0,0,12,0,1,6,4,16,1,183,223,32,0
2048,4,16,256,128,1,128,3663674.014823111,57958.4002494812,4995.661653932717,93.641,0,0,12,0,1,6,4,16,1,183,223,32,0
2048,4,16,256,128,2,256,7286836.125601755,69625.60042738914,4975.717151882897,93.048,0,0,12,0,1,6,4,16,1,183,223,32,0
2048,4,16,256,128,4,512,14503688.010995744,115571.19935750961,4955.7726498330785,92.98,0,0,12,0,1,6,4,16,1,183,223,32,0
2048,4,16,256,128,8,1024,19255480.06819762,213465.59822559357,4935.828147783261,92.569,0,0,12,0,1,6,4,16,1,183,223,32,0
2048,4,16,256,256,1,256,7345804.769962274,70847.99855947495,5015.606155982535,94.98,0,0,12,0,1,6,4,16,1,183,223,32,0
2048,4,16,256,256,2,512,14621613.313699821,115084.79863405228,4995.661653932717,94.414,0,0,12,0,1,6,4,16,1,183,223,32,0
2048,4,16,256,256,4,1024,19412705.856861882,213414.3978357315,4975.717151882897,92.781,0,0,12,0,1,6,4,16,1,183,223,32,0
2048,4,16,256,512,1,512,14739538.616403894,96211.2009525299,5035.550658032353,94.593,0,0,12,0,1,6,4,16,1,183,223,32,0
2048,4,16,256,512,2,1024,19569931.645526152,165024.00040626526,5015.606155982535,93.071,0,0,12,0,1,6,4,16,1,183,223,32,0
2048,4,16,256,1024,1,1024,19727157.43419042,147046.3991165161,5055.495160082171,93.867,0,0,12,0,1,6,4,16,1,183,223,32,0
4096,4,16,256,1,32,32,903654.4727677464,68371.19981646538,6296.955221459184,118.665,0,0,12,0,1,6,4,16,1,183,223,32,0
4096,4,16,256,1,64,64,2681709.216105755,67641.59873127937,6296.955221459184,131.494,0,0,12,0,1,6,4,16,1,183,223,32,0
4096,4,16,256,1,128,128,5343813.426749018,69779.19936180115,6296.955221459184,155.231,0,0,12,0,1,6,4,16,1,183,223,32,0
4096,4,16,256,1,256,256,10668021.84803554,79814.40126895905,6296.955221459184,194.436,0,0,12,0,1,6,4,16,1,183,223,32,0
4096,4,16,256,1,512,512,21316438.69060859,121619.20070648193,6296.955221459184,218.089,0,0,12,0,1,6,4,16,1,183,223,32,0
4096,4,16,256,1,1024,1024,28412064.649414785,226726.39787197113,6296.955221459184,217.915,0,0,12,0,1,6,4,16,1,183,223,32,0
4096,4,16,256,2,16,32,903483.7271847376,68896.00083231926,6296.955221459184,105.042,0,0,12,0,1,6,4,16,1,183,223,32,0
4096,4,16,256,2,32,64,2681454.4496793877,68435.20030379295,6296.955221459184,112.183,0,0,12,0,1,6,4,16,1,183,223,32,0
4096,4,16,256,2,64,128,5343558.6603226485,70438.39916586876,6296.955221459184,125.804,0,0,12,0,1,6,4,16,1,183,223,32,0
4096,4,16,256,2,128,256,10667767.08160917,79961.60089969635,6296.955221459184,143.876,0,0,12,0,1,6,4,16,1,183,223,32,0
4096,4,16,256,2,256,512,21316183.924182218,121798.40058088303,6296.955221459184,153.335,0,0,12,0,1,6,4,16,1,183,223,32,0
4096,4,16,256,2,512,1024,28411893.903831773,224857.60152339935,6296.955221459184,153.45,0,0,12,0,1,6,4,16,1,183,223,32,0
4096,4,16,256,4,8,32,874889.4661892233,68006.40001893044,6296.955221459184,96.528,0,0,12,0,1,6,4,16,1,183,223,32,0
4096,4,16,256,4,16,64,2655646.2947284253,68179.19984459877,6296.955221459184,99.378,0,0,12,0,1,6,4,16,1,183,223,32,0
4096,4,16,256,4,32,128,5343049.127469917,68761.60129904747,6296.955221459184,106.975,0,0,12,0,1,6,4,16,1,183,223,32,0
4096,4,16,256,4,64,256,10667257.548756441,79916.80204868317,6296.955221459184,116.141,0,0,12,0,1,6,4,16,1,183,223,32,0
4096,4,16,256,4,128,512,21315674.39132949,123027.20248699188,6296.955221459184,123.006,0,0,12,0,1,6,4,16,1,183,223,32,0
4096,4,16,256,4,256,1024,28411552.41266576,228351.99534893036,6296.955221459184,123.507,0,0,12,0,1,6,4,16,1,183,223,32,0
4096,4,16,256,8,4,32,721693.2850898855,67936.00097298622,5799.043173791442,96.322,0,0,12,0,1,6,4,16,1,183,223,32,0
4096,4,16,256,8,8,64,2109751.8116183085,68505.60083985329,5719.265165592169,96.115,0,0,12,0,1,6,4,16,1,183,223,32,0
4096,4,16,256,8,16,128,4262498.083886161,69695.99947333336,5799.043173791442,96.488,0,0,12,0,1,6,4,16,1,183,223,32,0
4096,4,16,256,8,32,256,8626855.608093582,83180.8015704155,5878.8211819907165,100.438,0,0,12,0,1,6,4,16,1,183,223,32,0
4096,4,16,256,8,64,512,17473392.29452369,129177.60014533997,5958.59919018999,103.374,0,0,12,0,1,6,4,16,1,183,223,32,0
4096,4,16,256,8,128,1024,23604672.21465494,239776.00038051605,6038.377198389263,103.094,0,0,12,0,1,6,4,16,1,183,223,32,0
4096,4,16,256,16,2,32,654325.555612226,68812.79945373535,5263.4554938856245,94.202,0,0,12,0,1,6,4,16,1,183,223,32,0
4096,4,16,256,16,4,64,1924556.577907861,69983.99943113327,5223.566489785988,95.031,0,0,12,0,1,6,4,16,1,183,223,32,0
4096,4,16,256,16,8,128,3805578.761714974,72294.39914226532,5183.677485686351,96.083,0,0,12,0,1,6,4,16,1,183,223,32,0
4096,4,16,256,16,16,256,7538179.355053688,88876.79874897003,5143.7884815867155,96.272,0,0,12,0,1,6,4,16,1,183,223,32,0
4096,4,16,256,16,32,512,15180354.181450589,141785.60078144073,5183.677485686351,96.063,0,0,12,0,1,6,4,16,1,183,223,32,0
4096,4,16,256,16,64,1024,20391585.043282956,263475.19755363464,5223.566489785988,95.942,0,0,12,0,1,6,4,16,1,183,223,32,0
4096,4,16,256,32,1,32,614391.0929629337,70425.59832334518,4955.7726498330785,91.758,0,0,12,0,1,6,4,16,1,183,223,32,0
4096,4,16,256,32,2,64,1815224.072439381,73414.4002199173,4935.828147783261,92.131,0,0,12,0,1,6,4,16,1,183,223,32,0
4096,4,16,256,32,4,128,3604693.3844456286,79872.00170755386,4915.883645733442,92.936,0,0,12,0,1,6,4,16,1,183,223,32,0
4096,4,16,256,32,8,256,7168898.836880719,101049.60203170776,4895.939143683624,93.549,0,0,12,0,1,6,4,16,1,183,223,32,0
4096,4,16,256,32,16,512,14267837.4055876,164627.19440460205,4875.994641633805,93.352,0,0,12,0,1,6,4,16,1,183,223,32,0
4096,4,16,256,32,32,1024,18941028.490869094,312057.6083660126,4856.050139583987,93.332,0,0,12,0,1,6,4,16,1,183,223,32,0
4096,4,16,256,64,1,64,1829975.2230422331,72780.79837560654,4975.717151882897,90.447,0,0,12,0,1,6,4,16,1,183,223,32,0
4096,4,16,256,64,2,128,3634183.6996343695,78604.80099916458,4955.7726498330785,94.458,0,0,12,0,1,6,4,16,1,183,223,32,0
4096,4,16,256,64,4,256,7227867.481241237,98489.60041999817,4935.828147783261,94.617,0,0,12,0,1,6,4,16,1,183,223,32,0
4096,4,16,256,64,8,512,14385762.708291674,164025.59876441956,4915.883645733442,94.011,0,0,12,0,1,6,4,16,1,183,223,32,0
4096,4,16,256,64,16,1024,19098254.279533356,309772.7954387665,4895.939143683624,94.126,0,0,12,0,1,6,4,16,1,183,223,32,0
4096,4,16,256,128,1,128,3663674.014823111,85471.99964523315,4995.661653932717,95.003,0,0,12,0,1,6,4,16,1,183,223,32,0
4096,4,16,256,128,2,256,7286836.125601755,97849.60150718689,4975.717151882897,95.423,0,0,12,0,1,6,4,16,1,183,223,32,0
4096,4,16,256,128,4,512,14503688.010995744,164038.39886188507,4955.7726498330785,94.163,0,0,12,0,1,6,4,16,1,183,223,32,0
4096,4,16,256,128,8,1024,19255480.06819762,310054.4035434723,4935.828147783261,94.156,0,0,12,0,1,6,4,16,1,183,223,32,0
4096,4,16,256,256,1,256,7345804.769962274,100115.20236730576,5015.606155982535,95.837,0,0,12,0,1,6,4,16,1,183,223,32,0
4096,4,16,256,256,2,512,14621613.313699821,164076.79617404938,4995.661653932717,94.788,0,0,12,0,1,6,4,16,1,183,223,32,0
4096,4,16,256,256,4,1024,19412705.856861882,309868.7946796417,4975.717151882897,94.583,0,0,12,0,1,6,4,16,1,183,223,32,0
4096,4,16,256,512,1,512,14739538.616403894,124307.20180273056,5035.550658032353,95.279,0,0,12,0,1,6,4,16,1,183,223,32,0
4096,4,16,256,512,2,1024,19569931.645526152,214054.39972877502,5015.606155982535,94.108,0,0,12,0,1,6,4,16,1,183,223,32,0
4096,4,16,256,1024,1,1024,19727157.43419042,174873.59941005707,5055.495160082171,95.449,0,0,12,0,1,6,4,16,1,183,223,32,0
8192,4,16,256,1,32,32,903654.4727677464,142246.3983297348,6296.955221459184,132.64,0,0,12,0,1,6,4,16,1,183,223,32,0
8192,4,16,256,1,64,64,2681709.216105755,140697.60143756866,6296.955221459184,139.155,0,0,12,0,1,6,4,16,1,183,223,32,0
8192,4,16,256,1,128,128,5343813.426749018,144588.80126476288,6296.955221459184,161.113,0,0,12,0,1,6,4,16,1,183,223,32,0
8192,4,16,256,1,256,256,10668021.84803554,156230.40199279785,6296.955221459184,188.271,0,0,12,0,1,6,4,16,1,183,223,32,0
8192,4,16,256,1,512,512,21316438.69060859,222630.4054260254,6296.955221459184,226.4835,0,0,12,0,1,6,4,16,1,183,223,32,0
8192,4,16,256,1,1024,1024,28412064.649414785,422265.5951976776,6296.955221459184,234.239,0,0,12,0,1,6,4,16,1,183,223,32,0
8192,4,16,256,2,16,32,903483.7271847376,117107.2006225586,6296.955221459184,106.693,0,0,12,0,1,6,4,16,1,183,223,32,0
8192,4,16,256,2,32,64,2681454.4496793877,117702.40068435669,6296.955221459184,113.51,0,0,12,0,1,6,4,16,1,183,223,32,0
8192,4,16,256,2,64,128,5343558.6603226485,119699.20098781586,6296.955221459184,125.674,0,0,12,0,1,6,4,16,1,183,223,32,0
8192,4,16,256,2,128,256,10667767.08160917,138086.399435997,6296.955221459184,143.4,0,0,12,0,1,6,4,16,1,183,223,32,0
8192,4,16,256,2,256,512,21316183.924182218,220083.19795131683,6296.955221459184,170.331,0,0,12,0,1,6,4,16,1,183,223,32,0
8192,4,16,256,2,512,1024,28411893.903831773,419315.20104408264,6296.955221459184,163.817,0,0,12,0,1,6,4,16,1,183,223,32,0
8192,4,16,256,4,8,32,874889.4661892233,115283.20014476776,6296.955221459184,97.85,0,0,12,0,1,6,4,16,1,183,223,32,0
8192,4,16,256,4,16,64,2655646.2947284253,115385.59943437576,6296.955221459184,102.825,0,0,12,0,1,6,4,16,1,183,223,32,0
8192,4,16,256,4,32,128,5343049.127469917,118201.60001516342,6296.955221459184,110.601,0,0,12,0,1,6,4,16,1,183,223,32,0
8192,4,16,256,4,64,256,10667257.548756441,137984.00163650513,6296.955221459184,120.574,0,0,12,0,1,6,4,16,1,183,223,32,0
8192,4,16,256,4,128,512,21315674.39132949,221100.80420970917,6296.955221459184,130.009,0,0,12,0,1,6,4,16,1,183,223,32,0
8192,4,16,256,4,256,1024,28411552.41266576,423180.8006763458,6296.955221459184,126.802,0,0,12,0,1,6,4,16,1,183,223,32,0
8192,4,16,256,8,4,32,721693.2850898855,115846.39996290207,5799.043173791442,96.445,0,0,12,0,1,6,4,16,1,183,223,32,0
8192,4,16,256,8,8,64,2109751.8116183085,116070.39868831635,5719.265165592169,96.342,0,0,12,0,1,6,4,16,1,183,223,32,0
8192,4,16,256,8,16,128,4262498.083886161,118937.59965896606,5799.043173791442,96.539,0,0,12,0,1,6,4,16,1,183,223,32,0
8192,4,16,256,8,32,256,8626855.608093582,140211.1977338791,5878.8211819907165,100.749,0,0,12,0,1,6,4,16,1,183,223,32,0
8192,4,16,256,8,64,512,17473392.29452369,226611.20295524597,5958.59919018999,109.593,0,0,12,0,1,6,4,16,1,183,223,32,0
8192,4,16,256,8,128,1024,23604672.21465494,434451.1926174164,6038.377198389263,106.07,0,0,12,0,1,6,4,16,1,183,223,32,0
8192,4,16,256,16,2,32,654325.555612226,117075.19888877869,5263.4554938856245,93.693,0,0,12,0,1,6,4,16,1,183,223,32,0
8192,4,16,256,16,4,64,1924556.577907861,117849.600315094,5223.566489785988,94.434,0,0,12,0,1,6,4,16,1,183,223,32,0
8192,4,16,256,16,8,128,3805578.761714974,120409.60043668747,5183.677485686351,96.289,0,0,12,0,1,6,4,16,1,183,223,32,0
8192,4,16,256,16,16,256,7538179.355053688,145311.9993209839,5143.7884815867155,96.253,0,0,12,0,1,6,4,16,1,183,223,32,0
8192,4,16,256,16,32,512,15180354.181450589,237529.6026468277,5183.677485686351,99.655,0,0,12,0,1,6,4,16,1,183,223,32,0
8192,4,16,256,16,64,1024,20391585.043282956,455692.8038597107,5223.566489785988,97.449,0,0,12,0,1,6,4,16,1,183,223,32,0
8192,4,16,256,32,1,32,614391.0929629337,117747.20102548599,4955.7726498330785,92.81,0,0,12,0,1,6,4,16,1,183,223,32,0
8192,4,16,256,32,2,64,1815224.072439381,120224.00200366974,4935.828147783261,94.377,0,0,12,0,1,6,4,16,1,183,223,32,0
8192,4,16,256,32,4,128,3604693.3844456286,128358.4013581276,4915.883645733442,94.165,0,0,12,0,1,6,4,16,1,183,223,32,0
8192,4,16,256,32,8,256,7168898.836880719,157856.00543022156,4895.939143683624,95.771,0,0,12,0,1,6,4,16,1,183,223,32,0
8192,4,16,256,32,16,512,14267837.4055876,261132.80057907107,4875.994641633805,95.333,0,0,12,0,1,6,4,16,1,183,223,32,0
8192,4,16,256,32,32,1024,18941028.490869094,503641.59345626837,4856.050139583987,95.015,0,0,12,0,1,6,4,16,1,183,223,32,0
8192,4,16,256,64,1,64,1829975.2230422331,119776.00157260895,4975.717151882897,92.062,0,0,12,0,1,6,4,16,1,183,223,32,0
8192,4,16,256,64,2,128,3634183.6996343695,126342.40239858627,4955.7726498330785,92.888,0,0,12,0,1,6,4,16,1,183,223,32,0
8192,4,16,256,64,4,256,7227867.481241237,154809.6001148224,4935.828147783261,93.467,0,0,12,0,1,6,4,16,1,183,223,32,0
8192,4,16,256,64,8,512,14385762.708291674,261587.19062805176,4915.883645733442,94.579,0,0,12,0,1,6,4,16,1,183,223,32,0
8192,4,16,256,64,16,1024,19098254.279533356,503340.79861640936,4895.939143683624,94.688,0,0,12,0,1,6,4,16,1,183,223,32,0
8192,4,16,256,128,1,128,3663674.014823111,141388.79776000977,4995.661653932717,93.942,0,0,12,0,1,6,4,16,1,183,223,32,0
8192,4,16,256,128,2,256,7286836.125601755,152800.00269412994,4975.717151882897,94.898,0,0,12,0,1,6,4,16,1,183,223,32,0
8192,4,16,256,128,4,512,14503688.010995744,261119.99750137326,4955.7726498330785,95.138,0,0,12,0,1,6,4,16,1,183,223,32,0
8192,4,16,256,128,8,1024,19255480.06819762,503961.60483360285,4935.828147783261,95.041,0,0,12,0,1,6,4,16,1,183,223,32,0
8192,4,16,256,256,1,256,7345804.769962274,159142.40181446075,5015.606155982535,95.545,0,0,12,0,1,6,4,16,1,183,223,32,0
8192,4,16,256,256,2,512,14621613.313699821,265625.59604644775,4995.661653932717,95.966,0,0,12,0,1,6,4,16,1,183,223,32,0
8192,4,16,256,256,4,1024,19412705.856861882,504076.8027305603,4975.717151882897,95.197,0,0,12,0,1,6,4,16,1,183,223,32,0
8192,4,16,256,512,1,512,14739538.616403894,192870.39935588837,5035.550658032353,95.825,0,0,12,0,1,6,4,16,1,183,223,32,0
8192,4,16,256,512,2,1024,19569931.645526152,311673.59948158264,5015.606155982535,95.51,0,0,12,0,1,6,4,16,1,183,223,32,0
8192,4,16,256,1024,1,1024,19727157.43419042,234515.20204544067,5055.495160082171,95.824,0,0,12,0,1,6,4,16,1,183,223,32,0
